personne,type_personne,cas,franchise_cle,film,annee,note_tmdb,nb_votes_tmdb,popularite_tmdb,tmdb_movie_id,decennie,annee_pic,annees_apres_pic,statut_carriere
Daniel Radcliffe,Acteur,Post-franchise,Harry Potter,The Tailor of Panama,2001,6.021,535,9.7692,2575,2000s,2001,0,Pic
Daniel Radcliffe,Acteur,Post-franchise,Harry Potter,Harry Potter à l'école des sorciers,2001,7.898,29438,9.7692,671,2000s,2001,0,Pic
Daniel Radcliffe,Acteur,Post-franchise,Harry Potter,Harry Potter et la Chambre des secrets,2002,7.702,23470,9.7692,672,2000s,2001,1,Post-pic récent
Daniel Radcliffe,Acteur,Post-franchise,Harry Potter,Harry Potter et le Prisonnier d'Azkaban,2004,8.0,23037,9.7692,673,2000s,2001,3,Post-pic récent
Daniel Radcliffe,Acteur,Post-franchise,Harry Potter,The Magic Touch of Harry Potter,2004,7.7,20,9.7692,1082707,2000s,2001,3,Post-pic récent
Daniel Radcliffe,Acteur,Post-franchise,Harry Potter,Harry Potter et la Coupe de feu,2005,7.801,22047,9.7692,674,2000s,2001,4,Post-pic récent
Daniel Radcliffe,Acteur,Post-franchise,Harry Potter,Harry Potter et l'Ordre du Phénix,2007,7.672,20702,9.7692,675,2000s,2001,6,Déclin
Daniel Radcliffe,Acteur,Post-franchise,Harry Potter,December Boys,2007,6.026,211,9.7692,4629,2000s,2001,6,Déclin
Daniel Radcliffe,Acteur,Post-franchise,Harry Potter,Mon fils Jack,2007,6.6,78,9.7692,25143,2000s,2001,6,Déclin
Daniel Radcliffe,Acteur,Post-franchise,Harry Potter,Harry Potter et le Prince de sang-mêlé,2009,7.681,20679,9.7692,767,2000s,2001,8,Déclin
Daniel Radcliffe,Acteur,Post-franchise,Harry Potter,Harry Potter et les Reliques de la Mort - 1ère partie,2010,7.734,20275,9.7692,12444,2010s,2001,9,Déclin
Daniel Radcliffe,Acteur,Post-franchise,Harry Potter,Harry Potter et les Reliques de la Mort - 2ème partie,2011,8.08,21880,9.7692,12445,2010s,2001,10,Déclin
Daniel Radcliffe,Acteur,Post-franchise,Harry Potter,50 Greatest Harry Potter Moments,2011,7.444,133,9.7692,483898,2010s,2001,10,Déclin
Daniel Radcliffe,Acteur,Post-franchise,Harry Potter,When Harry Left Hogwarts,2011,7.2,10,9.7692,273456,2010s,2001,10,Déclin
Daniel Radcliffe,Acteur,Post-franchise,Harry Potter,La Dame en noir,2012,6.141,3649,9.7692,65086,2010s,2001,11,Déclin
Daniel Radcliffe,Acteur,Post-franchise,Harry Potter,Daniel Radcliffe: Being Harry Potter,2012,6.6,23,9.7692,918078,2010s,2001,11,Déclin
Daniel Radcliffe,Acteur,Post-franchise,Harry Potter,Horns,2013,6.299,2422,9.7692,149509,2010s,2001,12,Déclin
Daniel Radcliffe,Acteur,Post-franchise,Harry Potter,Et (beaucoup) plus si affinités,2013,6.74,2064,9.7692,212716,2010s,2001,12,Déclin
Daniel Radcliffe,Acteur,Post-franchise,Harry Potter,Kill your darlings - Obsession meurtrière,2013,7.03,1406,9.7692,157370,2010s,2001,12,Déclin
Daniel Radcliffe,Acteur,Post-franchise,Harry Potter,Tom Felton Meets the Superfans,2015,7.4,15,9.7692,332503,2010s,2001,14,Déclin
Daniel Radcliffe,Acteur,Post-franchise,Harry Potter,Crazy Amy,2015,5.8,2709,9.7692,271718,2010s,2001,14,Déclin
Daniel Radcliffe,Acteur,Post-franchise,Harry Potter,The Gamechangers,2015,6.0,75,9.7692,356846,2010s,2001,14,Déclin
Daniel Radcliffe,Acteur,Post-franchise,Harry Potter,Docteur Frankenstein,2015,5.9,2267,9.7692,228066,2010s,2001,14,Déclin
Daniel Radcliffe,Acteur,Post-franchise,Harry Potter,Insaisissables 2,2016,6.827,11523,9.7692,291805,2010s,2001,15,Déclin
Daniel Radcliffe,Acteur,Post-franchise,Harry Potter,Swiss Army Man,2016,6.927,3786,9.7692,347031,2010s,2001,15,Déclin
Daniel Radcliffe,Acteur,Post-franchise,Harry Potter,Imperium,2016,6.458,1483,9.7692,374617,2010s,2001,15,Déclin
Daniel Radcliffe,Acteur,Post-franchise,Harry Potter,Perdu à Londres,2017,5.917,132,9.7692,435218,2010s,2001,16,Déclin
Daniel Radcliffe,Acteur,Post-franchise,Harry Potter,National Theatre Live: Rosencrantz & Guildenstern Are Dead,2017,6.3,10,9.7692,444450,2010s,2001,16,Déclin
Daniel Radcliffe,Acteur,Post-franchise,Harry Potter,Jungle,2017,6.643,2117,9.7692,390062,2010s,2001,16,Déclin
Daniel Radcliffe,Acteur,Post-franchise,Harry Potter,Robot Chicken : Walking Dead Special - Look Who's Walking,2017,7.2,41,9.7692,479240,2010s,2001,16,Déclin
Daniel Radcliffe,Acteur,Post-franchise,Harry Potter,Beast of Burden,2018,4.292,125,9.7692,454650,2010s,2001,17,Déclin
Daniel Radcliffe,Acteur,Post-franchise,Harry Potter,Playmobil : le film,2019,5.8,309,9.7692,366668,2010s,2001,18,Déclin
Daniel Radcliffe,Acteur,Post-franchise,Harry Potter,Guns Akimbo,2020,6.444,2541,9.7692,457335,2020s,2001,19,Déclin
Daniel Radcliffe,Acteur,Post-franchise,Harry Potter,Escape from Pretoria,2020,7.171,1469,9.7692,502425,2020s,2001,19,Déclin
Daniel Radcliffe,Acteur,Post-franchise,Harry Potter,Unbreakable Kimmy Schmidt : Kimmy contre le révérend,2020,6.393,168,9.7692,683287,2020s,2001,19,Déclin
Daniel Radcliffe,Acteur,Post-franchise,Harry Potter,Harry Potter fête ses 20 ans : Retour à Poudlard,2022,7.311,3507,9.7692,899082,2020s,2001,21,Déclin
Daniel Radcliffe,Acteur,Post-franchise,Harry Potter,Le secret de la cité perdue,2022,6.46,3960,9.7692,752623,2020s,2001,21,Déclin
Daniel Radcliffe,Acteur,Post-franchise,Harry Potter,Weird: The Al Yankovic Story,2022,6.704,596,9.7692,928344,2020s,2001,21,Déclin
Daniel Radcliffe,Acteur,Post-franchise,Harry Potter,David Holmes : Le garçon qui a survécu,2023,7.1,76,9.7692,1190725,2020s,2001,22,Déclin
Daniel Radcliffe,Acteur,Post-franchise,Harry Potter,Merrily We Roll Along,2025,6.8,17,9.7692,1306400,2020s,2001,24,Déclin
Daniel Radcliffe,Acteur,Post-franchise,Harry Potter,Mission Pizza,2026,6.376,89,9.7692,1493859,2020s,2001,25,Déclin
Emma Watson,Acteur,Post-franchise,Harry Potter,Harry Potter à l'école des sorciers,2001,7.898,29438,6.1978,671,2000s,2001,0,Pic
Emma Watson,Acteur,Post-franchise,Harry Potter,Harry Potter et la Chambre des secrets,2002,7.702,23470,6.1978,672,2000s,2001,1,Post-pic récent
Emma Watson,Acteur,Post-franchise,Harry Potter,Harry Potter et le Prisonnier d'Azkaban,2004,8.0,23037,6.1978,673,2000s,2001,3,Post-pic récent
Emma Watson,Acteur,Post-franchise,Harry Potter,The Magic Touch of Harry Potter,2004,7.7,20,6.1978,1082707,2000s,2001,3,Post-pic récent
Emma Watson,Acteur,Post-franchise,Harry Potter,Harry Potter et la Coupe de feu,2005,7.801,22047,6.1978,674,2000s,2001,4,Post-pic récent
Emma Watson,Acteur,Post-franchise,Harry Potter,Harry Potter et l'Ordre du Phénix,2007,7.672,20702,6.1978,675,2000s,2001,6,Déclin
Emma Watson,Acteur,Post-franchise,Harry Potter,L'École de tous les talents,2008,6.356,271,6.1978,20497,2000s,2001,7,Déclin
Emma Watson,Acteur,Post-franchise,Harry Potter,La Légende de Despereaux,2008,6.146,1005,6.1978,10199,2000s,2001,7,Déclin
Emma Watson,Acteur,Post-franchise,Harry Potter,Harry Potter et le Prince de sang-mêlé,2009,7.681,20679,6.1978,767,2000s,2001,8,Déclin
Emma Watson,Acteur,Post-franchise,Harry Potter,Harry Potter et les Reliques de la Mort - 1ère partie,2010,7.734,20275,6.1978,12444,2010s,2001,9,Déclin
Emma Watson,Acteur,Post-franchise,Harry Potter,Harry Potter et les Reliques de la Mort - 2ème partie,2011,8.08,21880,6.1978,12445,2010s,2001,10,Déclin
Emma Watson,Acteur,Post-franchise,Harry Potter,50 Greatest Harry Potter Moments,2011,7.444,133,6.1978,483898,2010s,2001,10,Déclin
Emma Watson,Acteur,Post-franchise,Harry Potter,When Harry Left Hogwarts,2011,7.2,10,6.1978,273456,2010s,2001,10,Déclin
Emma Watson,Acteur,Post-franchise,Harry Potter,My Week with Marilyn,2011,6.677,1354,6.1978,75900,2010s,2001,10,Déclin
Emma Watson,Acteur,Post-franchise,Harry Potter,Le Monde de Charlie,2012,7.802,11150,6.1978,84892,2010s,2001,11,Déclin
Emma Watson,Acteur,Post-franchise,Harry Potter,Daniel Radcliffe: Being Harry Potter,2012,6.6,23,6.1978,918078,2010s,2001,11,Déclin
Emma Watson,Acteur,Post-franchise,Harry Potter,The Bling Ring,2013,5.4,3136,6.1978,96936,2010s,2001,12,Déclin
Emma Watson,Acteur,Post-franchise,Harry Potter,C'est la fin,2013,6.236,6797,6.1978,109414,2010s,2001,12,Déclin
Emma Watson,Acteur,Post-franchise,Harry Potter,Noé,2014,5.678,6579,6.1978,86834,2010s,2001,13,Déclin
Emma Watson,Acteur,Post-franchise,Harry Potter,Régression,2015,5.58,1884,6.1978,241257,2010s,2001,14,Déclin
Emma Watson,Acteur,Post-franchise,Harry Potter,Colonia,2016,7.258,1983,6.1978,318781,2010s,2001,15,Déclin
Emma Watson,Acteur,Post-franchise,Harry Potter,La Belle et la Bête,2017,6.968,15968,6.1978,321612,2010s,2001,16,Déclin
Emma Watson,Acteur,Post-franchise,Harry Potter,The Circle,2017,5.523,4578,6.1978,339988,2010s,2001,16,Déclin
Emma Watson,Acteur,Post-franchise,Harry Potter,Howard,2018,6.8,54,6.1978,512191,2010s,2001,17,Déclin
Emma Watson,Acteur,Post-franchise,Harry Potter,Les Filles du docteur March,2019,7.855,6791,6.1978,331482,2010s,2001,18,Déclin
Emma Watson,Acteur,Post-franchise,Harry Potter,An Audience with Adele,2021,8.4,42,6.1978,901047,2020s,2001,20,Déclin
Emma Watson,Acteur,Post-franchise,Harry Potter,Harry Potter fête ses 20 ans : Retour à Poudlard,2022,7.311,3507,6.1978,899082,2020s,2001,21,Déclin
Rupert Grint,Acteur,Post-franchise,Harry Potter,Harry Potter à l'école des sorciers,2001,7.898,29438,3.4017,671,2000s,2001,0,Pic
Rupert Grint,Acteur,Post-franchise,Harry Potter,Plein gaz,2002,3.455,88,3.4017,21605,2000s,2001,1,Post-pic récent
Rupert Grint,Acteur,Post-franchise,Harry Potter,Harry Potter et la Chambre des secrets,2002,7.702,23470,3.4017,672,2000s,2001,1,Post-pic récent
Rupert Grint,Acteur,Post-franchise,Harry Potter,Harry Potter et le Prisonnier d'Azkaban,2004,8.0,23037,3.4017,673,2000s,2001,3,Post-pic récent
Rupert Grint,Acteur,Post-franchise,Harry Potter,The Magic Touch of Harry Potter,2004,7.7,20,3.4017,1082707,2000s,2001,3,Post-pic récent
Rupert Grint,Acteur,Post-franchise,Harry Potter,Harry Potter et la Coupe de feu,2005,7.801,22047,3.4017,674,2000s,2001,4,Post-pic récent
Rupert Grint,Acteur,Post-franchise,Harry Potter,Leçons de conduite,2006,6.113,168,3.4017,11404,2000s,2001,5,Post-pic récent
Rupert Grint,Acteur,Post-franchise,Harry Potter,Harry Potter et l'Ordre du Phénix,2007,7.672,20702,3.4017,675,2000s,2001,6,Déclin
Rupert Grint,Acteur,Post-franchise,Harry Potter,Cherrybomb,2009,5.5,122,3.4017,40850,2000s,2001,8,Déclin
Rupert Grint,Acteur,Post-franchise,Harry Potter,Harry Potter et le Prince de sang-mêlé,2009,7.681,20679,3.4017,767,2000s,2001,8,Déclin
Rupert Grint,Acteur,Post-franchise,Harry Potter,Petits meurtres à l'Anglaise,2010,6.442,782,3.4017,44147,2010s,2001,9,Déclin
Rupert Grint,Acteur,Post-franchise,Harry Potter,Harry Potter et les Reliques de la Mort - 1ère partie,2010,7.734,20275,3.4017,12444,2010s,2001,9,Déclin
Rupert Grint,Acteur,Post-franchise,Harry Potter,Harry Potter et les Reliques de la Mort - 2ème partie,2011,8.08,21880,3.4017,12445,2010s,2001,10,Déclin
Rupert Grint,Acteur,Post-franchise,Harry Potter,50 Greatest Harry Potter Moments,2011,7.444,133,3.4017,483898,2010s,2001,10,Déclin
Rupert Grint,Acteur,Post-franchise,Harry Potter,When Harry Left Hogwarts,2011,7.2,10,3.4017,273456,2010s,2001,10,Déclin
Rupert Grint,Acteur,Post-franchise,Harry Potter,Into the White,2012,6.872,323,3.4017,78215,2010s,2001,11,Déclin
Rupert Grint,Acteur,Post-franchise,Harry Potter,Daniel Radcliffe: Being Harry Potter,2012,6.6,23,3.4017,918078,2010s,2001,11,Déclin
Rupert Grint,Acteur,Post-franchise,Harry Potter,Charlie Countryman,2013,6.4,649,3.4017,41602,2010s,2001,12,Déclin
Rupert Grint,Acteur,Post-franchise,Harry Potter,CBGB,2013,6.33,197,3.4017,111479,2010s,2001,12,Déclin
Rupert Grint,Acteur,Post-franchise,Harry Potter,Postman Pat: The Movie,2014,5.2,53,3.4017,245685,2010s,2001,13,Déclin
Rupert Grint,Acteur,Post-franchise,Harry Potter,Harry Potter: The Making of Diagon Alley,2014,7.397,39,3.4017,500008,2010s,2001,13,Déclin
Rupert Grint,Acteur,Post-franchise,Harry Potter,Moonwalkers,2015,6.147,388,3.4017,272548,2010s,2001,14,Déclin
Rupert Grint,Acteur,Post-franchise,Harry Potter,Tom Felton Meets the Superfans,2015,7.4,15,3.4017,332503,2010s,2001,14,Déclin
Rupert Grint,Acteur,Post-franchise,Harry Potter,Harry Potter fête ses 20 ans : Retour à Poudlard,2022,7.311,3507,3.4017,899082,2020s,2001,21,Déclin
Rupert Grint,Acteur,Post-franchise,Harry Potter,Knock at the Cabin,2023,6.2,3061,3.4017,631842,2020s,2001,22,Déclin
Robert Pattinson,Acteur,Post-franchise,Twilight,Vanity Fair : La Foire aux vanités,2004,5.791,357,4.8889,11632,2000s,2005,-1,Avant pic
Robert Pattinson,Acteur,Post-franchise,Twilight,L'Anneau sacré,2004,6.25,156,4.8889,11188,2000s,2005,-1,Avant pic
Robert Pattinson,Acteur,Post-franchise,Twilight,Harry Potter et la Coupe de feu,2005,7.801,22047,4.8889,674,2000s,2005,0,Pic
Robert Pattinson,Acteur,Post-franchise,Twilight,The Haunted Airman,2006,4.9,29,4.8889,21505,2000s,2005,1,Post-pic récent
Robert Pattinson,Acteur,Post-franchise,Twilight,The Bad Mother's Handbook,2007,7.0,18,4.8889,50364,2000s,2005,2,Post-pic récent
Robert Pattinson,Acteur,Post-franchise,Twilight,How to Be,2008,4.8,40,4.8889,19713,2000s,2005,3,Post-pic récent
Robert Pattinson,Acteur,Post-franchise,Twilight,Little Ashes,2008,5.9,132,4.8889,31299,2000s,2005,3,Post-pic récent
Robert Pattinson,Acteur,Post-franchise,Twilight,"Twilight, chapitre 1 : Fascination",2008,6.279,14338,4.8889,8966,2000s,2005,3,Post-pic récent
Robert Pattinson,Acteur,Post-franchise,Twilight,"Twilight, chapitre 2 : Tentation",2009,5.99,9706,4.8889,18239,2000s,2005,4,Post-pic récent
Robert Pattinson,Acteur,Post-franchise,Twilight,Remember me,2010,7.099,3698,4.8889,23169,2010s,2005,5,Post-pic récent
Robert Pattinson,Acteur,Post-franchise,Twilight,"Twilight, chapitre 3 : Hésitation",2010,6.195,9215,4.8889,24021,2010s,2005,5,Post-pic récent
Robert Pattinson,Acteur,Post-franchise,Twilight,Love and Distrust,2010,3.9,32,4.8889,48798,2010s,2005,5,Post-pic récent
Robert Pattinson,Acteur,Post-franchise,Twilight,De l'Eau pour les Éléphants,2011,6.9,2607,4.8889,55787,2010s,2005,6,Déclin
Robert Pattinson,Acteur,Post-franchise,Twilight,"Twilight, chapitre 4 : Révélation, 1ère partie",2011,6.189,9234,4.8889,50619,2010s,2005,6,Déclin
Robert Pattinson,Acteur,Post-franchise,Twilight,Bel ami,2012,5.3,539,4.8889,86467,2010s,2005,7,Déclin
Robert Pattinson,Acteur,Post-franchise,Twilight,Cosmopolis,2012,5.672,1337,4.8889,49014,2010s,2005,7,Déclin
Robert Pattinson,Acteur,Post-franchise,Twilight,"Twilight, chapitre 5 : Révélation, 2ème partie",2012,6.457,9338,4.8889,50620,2010s,2005,7,Déclin
Robert Pattinson,Acteur,Post-franchise,Twilight,Maps to the Stars,2014,6.184,1141,4.8889,157851,2010s,2005,9,Déclin
Robert Pattinson,Acteur,Post-franchise,Twilight,The Rover,2014,6.276,1044,4.8889,157845,2010s,2005,9,Déclin
Robert Pattinson,Acteur,Post-franchise,Twilight,Queen of the Desert,2015,5.863,304,4.8889,157843,2010s,2005,10,Déclin
Robert Pattinson,Acteur,Post-franchise,Twilight,Life,2015,5.98,368,4.8889,300153,2010s,2005,10,Déclin
Robert Pattinson,Acteur,Post-franchise,Twilight,L'Enfance d'un chef,2016,6.1,188,4.8889,330982,2010s,2005,11,Déclin
Robert Pattinson,Acteur,Post-franchise,Twilight,The Lost City of Z,2017,6.389,3078,4.8889,314095,2010s,2005,12,Déclin
Robert Pattinson,Acteur,Post-franchise,Twilight,Fear & Shame,2017,8.103,34,4.8889,470174,2010s,2005,12,Déclin
Robert Pattinson,Acteur,Post-franchise,Twilight,Good Time,2017,7.215,3098,4.8889,429200,2010s,2005,12,Déclin
Robert Pattinson,Acteur,Post-franchise,Twilight,Pionnière,2018,5.304,163,4.8889,414018,2010s,2005,13,Déclin
Robert Pattinson,Acteur,Post-franchise,Twilight,High Life,2018,5.7,1219,4.8889,376865,2010s,2005,13,Déclin
Robert Pattinson,Acteur,Post-franchise,Twilight,Le Roi,2019,7.156,3541,4.8889,504949,2010s,2005,14,Déclin
Robert Pattinson,Acteur,Post-franchise,Twilight,The Lighthouse,2019,7.476,5501,4.8889,503919,2010s,2005,14,Déclin
Robert Pattinson,Acteur,Post-franchise,Twilight,The Lighthouse: A Dark & Stormy Tale,2020,6.9,12,4.8889,673971,2020s,2005,15,Déclin
Robert Pattinson,Acteur,Post-franchise,Twilight,Waiting for the Barbarians,2020,5.9,389,4.8889,505707,2020s,2005,15,Déclin
Robert Pattinson,Acteur,Post-franchise,Twilight,Tenet,2020,7.174,11029,4.8889,577922,2020s,2005,15,Déclin
Robert Pattinson,Acteur,Post-franchise,Twilight,"Le Diable, tout le temps",2020,7.181,3636,4.8889,499932,2020s,2005,15,Déclin
Robert Pattinson,Acteur,Post-franchise,Twilight,The Batman,2022,7.7,11826,4.8889,414906,2020s,2005,17,Déclin
Robert Pattinson,Acteur,Post-franchise,Twilight,"Werner Herzog, cinéaste de l'impossible",2022,7.9,14,4.8889,1016753,2020s,2005,17,Déclin
Robert Pattinson,Acteur,Post-franchise,Twilight,Mickey 17,2025,6.831,3462,4.8889,696506,2020s,2005,20,Déclin
Robert Pattinson,Acteur,Post-franchise,Twilight,Die My Love,2025,6.172,492,4.8889,1033148,2020s,2005,20,Déclin
Robert Pattinson,Acteur,Post-franchise,Twilight,Marty Supreme,2025,7.4,1630,4.8889,1317288,2020s,2005,20,Déclin
Robert Pattinson,Acteur,Post-franchise,Twilight,The Drama,2026,7.009,560,4.8889,1325734,2020s,2005,21,Déclin
Kristen Stewart,Acteur,Post-franchise,Twilight,Le garçon qui venait de la mer,1999,6.622,246,6.2365,83965,1990s,2008,-9,Avant pic
Kristen Stewart,Acteur,Post-franchise,Twilight,Les Pierrafeu à Rock Vegas,2000,4.8,802,6.2365,889,2000s,2008,-8,Avant pic
Kristen Stewart,Acteur,Post-franchise,Twilight,Panic Room,2002,6.79,5374,6.2365,4547,2000s,2008,-6,Avant pic
Kristen Stewart,Acteur,Post-franchise,Twilight,The Safety of Objects,2002,6.481,53,6.2365,24186,2000s,2008,-6,Avant pic
Kristen Stewart,Acteur,Post-franchise,Twilight,La Gorge du diable,2003,5.367,535,6.2365,12767,2000s,2008,-5,Avant pic
Kristen Stewart,Acteur,Post-franchise,Twilight,Speak,2004,7.053,519,6.2365,15058,2000s,2008,-4,Avant pic
Kristen Stewart,Acteur,Post-franchise,Twilight,Les Petits braqueurs,2004,5.605,317,6.2365,20483,2000s,2008,-4,Avant pic
Kristen Stewart,Acteur,Post-franchise,Twilight,L'Autre Rive,2004,6.063,135,6.2365,16131,2000s,2008,-4,Avant pic
Kristen Stewart,Acteur,Post-franchise,Twilight,Zathura : Une aventure spatiale,2005,6.434,3552,6.2365,6795,2000s,2008,-3,Avant pic
Kristen Stewart,Acteur,Post-franchise,Twilight,Des gens impitoyables,2006,6.078,128,6.2365,19583,2000s,2008,-2,Avant pic
Kristen Stewart,Acteur,Post-franchise,Twilight,Les Messagers,2007,5.751,858,6.2365,9966,2000s,2008,-1,Avant pic
Kristen Stewart,Acteur,Post-franchise,Twilight,In the Land of Women,2007,5.876,524,6.2365,13067,2000s,2008,-1,Avant pic
Kristen Stewart,Acteur,Post-franchise,Twilight,The Cake Eaters,2007,5.585,136,6.2365,16071,2000s,2008,-1,Avant pic
Kristen Stewart,Acteur,Post-franchise,Twilight,Into the Wild,2007,7.798,10088,6.2365,5915,2000s,2008,-1,Avant pic
Kristen Stewart,Acteur,Post-franchise,Twilight,Cutlass,2007,6.903,31,6.2365,4633,2000s,2008,-1,Avant pic
Kristen Stewart,Acteur,Post-franchise,Twilight,Jumper,2008,6.159,6196,6.2365,8247,2000s,2008,0,Pic
Kristen Stewart,Acteur,Post-franchise,Twilight,Panique à Hollywood,2008,5.448,477,6.2365,8944,2000s,2008,0,Pic
Kristen Stewart,Acteur,Post-franchise,Twilight,"Twilight, chapitre 1 : Fascination",2008,6.279,14338,6.2365,8966,2000s,2008,0,Pic
Kristen Stewart,Acteur,Post-franchise,Twilight,Adventureland : un job d'été à éviter,2009,6.399,2341,6.2365,16614,2000s,2008,1,Post-pic récent
Kristen Stewart,Acteur,Post-franchise,Twilight,"Twilight, chapitre 2 : Tentation",2009,5.99,9706,6.2365,18239,2000s,2008,1,Post-pic récent
Kristen Stewart,Acteur,Post-franchise,Twilight,Le Mouchoir jaune,2009,6.275,160,6.2365,22556,2000s,2008,1,Post-pic récent
Kristen Stewart,Acteur,Post-franchise,Twilight,Les Runaways,2010,6.457,833,6.2365,27586,2010s,2008,2,Post-pic récent
Kristen Stewart,Acteur,Post-franchise,Twilight,"Twilight, chapitre 3 : Hésitation",2010,6.195,9215,6.2365,24021,2010s,2008,2,Post-pic récent
Kristen Stewart,Acteur,Post-franchise,Twilight,Welcome to the Rileys,2010,6.582,428,6.2365,31007,2010s,2008,2,Post-pic récent
Kristen Stewart,Acteur,Post-franchise,Twilight,"Twilight, chapitre 4 : Révélation, 1ère partie",2011,6.189,9234,6.2365,50619,2010s,2008,3,Post-pic récent
Kristen Stewart,Acteur,Post-franchise,Twilight,Sur la route,2012,5.62,899,6.2365,83770,2010s,2008,4,Post-pic récent
Kristen Stewart,Acteur,Post-franchise,Twilight,Blanche-Neige et le chasseur,2012,5.987,8198,6.2365,58595,2010s,2008,4,Post-pic récent
Kristen Stewart,Acteur,Post-franchise,Twilight,"Twilight, chapitre 5 : Révélation, 2ème partie",2012,6.457,9338,6.2365,50620,2010s,2008,4,Post-pic récent
Kristen Stewart,Acteur,Post-franchise,Twilight,12-12-12 The Concert for Sandy Relief,2012,6.8,16,6.2365,149922,2010s,2008,4,Post-pic récent
Kristen Stewart,Acteur,Post-franchise,Twilight,K-11,2013,5.5,75,6.2365,170178,2010s,2008,5,Post-pic récent
Kristen Stewart,Acteur,Post-franchise,Twilight,Sils Maria,2014,6.583,803,6.2365,246860,2010s,2008,6,Déclin
Kristen Stewart,Acteur,Post-franchise,Twilight,The Guard,2014,6.717,1095,6.2365,244506,2010s,2008,6,Déclin
Kristen Stewart,Acteur,Post-franchise,Twilight,Still Alice,2014,7.465,3255,6.2365,284293,2010s,2008,6,Déclin
Kristen Stewart,Acteur,Post-franchise,Twilight,Equals,2015,6.123,1440,6.2365,301875,2010s,2008,7,Déclin
Kristen Stewart,Acteur,Post-franchise,Twilight,American Ultra,2015,6.092,2938,6.2365,261392,2010s,2008,7,Déclin
Kristen Stewart,Acteur,Post-franchise,Twilight,Once and Forever,2015,7.0,14,6.2365,370523,2010s,2008,7,Déclin
Kristen Stewart,Acteur,Post-franchise,Twilight,Anesthesia,2016,5.7,128,6.2365,277710,2010s,2008,8,Déclin
Kristen Stewart,Acteur,Post-franchise,Twilight,Le Chasseur et la Reine des glaces,2016,6.283,5020,6.2365,290595,2010s,2008,8,Déclin
Kristen Stewart,Acteur,Post-franchise,Twilight,Café Society,2016,6.441,2809,6.2365,339397,2010s,2008,8,Déclin
Kristen Stewart,Acteur,Post-franchise,Twilight,Certaines Femmes,2016,6.001,380,6.2365,340487,2010s,2008,8,Déclin
Kristen Stewart,Acteur,Post-franchise,Twilight,Un jour dans la vie de Billy Lynn,2016,6.0,630,6.2365,293767,2010s,2008,8,Déclin
Kristen Stewart,Acteur,Post-franchise,Twilight,Personal Shopper,2016,5.929,1317,6.2365,340676,2010s,2008,8,Déclin
Kristen Stewart,Acteur,Post-franchise,Twilight,Come Swim,2017,6.1,33,6.2365,436035,2010s,2008,9,Déclin
Kristen Stewart,Acteur,Post-franchise,Twilight,Lizzie,2018,6.2,294,6.2365,460071,2010s,2008,10,Déclin
Kristen Stewart,Acteur,Post-franchise,Twilight,Bad Reputation,2018,6.6,38,6.2365,493092,2010s,2008,10,Déclin
Kristen Stewart,Acteur,Post-franchise,Twilight,J.T. LeRoy,2019,5.4,99,6.2365,460070,2010s,2008,11,Déclin
Kristen Stewart,Acteur,Post-franchise,Twilight,"Love, Antosha",2019,7.415,59,6.2365,565276,2010s,2008,11,Déclin
Kristen Stewart,Acteur,Post-franchise,Twilight,Charlie's Angels,2019,6.382,3132,6.2365,458897,2010s,2008,11,Déclin
Kristen Stewart,Acteur,Post-franchise,Twilight,Seberg,2019,5.894,283,6.2365,510298,2010s,2008,11,Déclin
Kristen Stewart,Acteur,Post-franchise,Twilight,Underwater,2020,6.28,3428,6.2365,443791,2020s,2008,12,Déclin
Kristen Stewart,Acteur,Post-franchise,Twilight,"Ma belle-famille, Noël et moi",2020,7.102,1315,6.2365,520172,2020s,2008,12,Déclin
Kristen Stewart,Acteur,Post-franchise,Twilight,Spencer,2021,6.7,1805,6.2365,716612,2020s,2008,13,Déclin
Kristen Stewart,Acteur,Post-franchise,Twilight,Les Crimes du futur,2022,6.026,1263,6.2365,819876,2020s,2008,14,Déclin
Kristen Stewart,Acteur,Post-franchise,Twilight,Love Lies Bleeding,2024,6.559,945,6.2365,948549,2020s,2008,16,Déclin
Kristen Stewart,Acteur,Post-franchise,Twilight,Ladies & Gentlemen... 50 Years of SNL Music,2025,7.842,19,6.2365,1421461,2020s,2008,17,Déclin
Kristen Stewart,Acteur,Post-franchise,Twilight,Love Me,2025,5.993,71,6.2365,881415,2020s,2008,17,Déclin
Kristen Stewart,Acteur,Post-franchise,Twilight,Sur la route de Sacramento,2025,6.263,59,6.2365,842931,2020s,2008,17,Déclin
Jake Lloyd,Acteur,Post-franchise,Star Wars,Décroche les étoiles,1996,5.953,43,1.1256,48862,1990s,1999,-3,Avant pic
Jake Lloyd,Acteur,Post-franchise,Star Wars,La Course au jouet,1996,6.066,2921,1.1256,9279,1990s,1999,-3,Avant pic
Jake Lloyd,Acteur,Post-franchise,Star Wars,"Star Wars, épisode I - La Menace fantôme",1999,6.573,15737,1.1256,1893,1990s,1999,0,Pic
Jake Lloyd,Acteur,Post-franchise,Star Wars,The Beginning : Making Episode I,2001,7.328,29,1.1256,65083,2000s,1999,2,Post-pic récent
Jake Lloyd,Acteur,Post-franchise,Star Wars,The Story of Star Wars,2004,7.2,22,1.1256,435365,2000s,1999,5,Post-pic récent
Jake Lloyd,Acteur,Post-franchise,Star Wars,Madison,2005,5.779,34,1.1256,38717,2000s,1999,6,Déclin
Hayden Christensen,Acteur,Post-franchise,Star Wars,L'Antre de la folie,1995,7.214,1884,5.4165,2654,1990s,2005,-10,Avant pic
Hayden Christensen,Acteur,Post-franchise,Star Wars,Un si grand amour,1995,5.182,11,5.4165,140549,1990s,2005,-10,Avant pic
Hayden Christensen,Acteur,Post-franchise,Star Wars,Harrison Bergeron,1995,6.763,57,5.4165,24732,1990s,2005,-10,Avant pic
Hayden Christensen,Acteur,Post-franchise,Star Wars,Les Filles font la loi,1998,6.303,132,5.4165,19381,1990s,2005,-7,Avant pic
Hayden Christensen,Acteur,Post-franchise,Star Wars,Crashs en série,1999,4.636,11,5.4165,100562,1990s,2005,-6,Avant pic
Hayden Christensen,Acteur,Post-franchise,Star Wars,Trapped in a Purple Haze,2000,4.875,12,5.4165,218408,2000s,2005,-5,Avant pic
Hayden Christensen,Acteur,Post-franchise,Star Wars,Virgin Suicides,2000,7.1,3583,5.4165,1443,2000s,2005,-5,Avant pic
Hayden Christensen,Acteur,Post-franchise,Star Wars,La Maison sur l'océan,2001,7.098,444,5.4165,11457,2000s,2005,-4,Avant pic
Hayden Christensen,Acteur,Post-franchise,Star Wars,R2-D2: Beneath the Dome,2001,6.682,22,5.4165,47025,2000s,2005,-4,Avant pic
Hayden Christensen,Acteur,Post-franchise,Star Wars,"Star Wars, épisode II - L'Attaque des clones",2002,6.592,14255,5.4165,1894,2000s,2005,-3,Avant pic
Hayden Christensen,Acteur,Post-franchise,Star Wars,Le Mystificateur,2003,6.963,469,5.4165,13537,2000s,2005,-2,Avant pic
Hayden Christensen,Acteur,Post-franchise,Star Wars,The Story of Star Wars,2004,7.2,22,5.4165,435365,2000s,2005,-1,Avant pic
Hayden Christensen,Acteur,Post-franchise,Star Wars,"Star Wars, épisode III - La Revanche des Sith",2005,7.463,14849,5.4165,1895,2000s,2005,0,Pic
Hayden Christensen,Acteur,Post-franchise,Star Wars,Star Wars: Within a Minute - The Making of Episode III,2005,7.111,18,5.4165,72513,2000s,2005,0,Pic
Hayden Christensen,Acteur,Post-franchise,Star Wars,Factory Girl,2006,6.017,269,5.4165,12271,2000s,2005,1,Post-pic récent
Hayden Christensen,Acteur,Post-franchise,Star Wars,Awake,2007,6.545,1512,5.4165,13483,2000s,2005,2,Post-pic récent
Hayden Christensen,Acteur,Post-franchise,Star Wars,Medieval Pie : Territoires vierges,2007,4.936,366,5.4165,14324,2000s,2005,2,Post-pic récent
Hayden Christensen,Acteur,Post-franchise,Star Wars,Jumper,2008,6.159,6196,5.4165,8247,2000s,2005,3,Post-pic récent
Hayden Christensen,Acteur,Post-franchise,Star Wars,"New York, I Love You",2008,5.942,594,5.4165,12572,2000s,2005,3,Post-pic récent
Hayden Christensen,Acteur,Post-franchise,Star Wars,Takers,2010,6.242,1372,5.4165,22907,2010s,2005,5,Post-pic récent
Hayden Christensen,Acteur,Post-franchise,Star Wars,L'Empire des ombres,2010,5.322,611,5.4165,43552,2010s,2005,5,Post-pic récent
Hayden Christensen,Acteur,Post-franchise,Star Wars,Quantum Quest: A Cassini Space Odyssey,2010,6.353,17,5.4165,23738,2010s,2005,5,Post-pic récent
Hayden Christensen,Acteur,Post-franchise,Star Wars,Braquage à l'américaine,2014,4.815,381,5.4165,250066,2010s,2005,9,Déclin
Hayden Christensen,Acteur,Post-franchise,Star Wars,Croisades,2014,5.163,505,5.4165,289720,2010s,2005,9,Déclin
Hayden Christensen,Acteur,Post-franchise,Star Wars,90 Minutes au Paradis,2015,5.9,177,5.4165,343795,2010s,2005,10,Déclin
Hayden Christensen,Acteur,Post-franchise,Star Wars,First Kill,2017,5.645,585,5.4165,410554,2010s,2005,12,Déclin
Hayden Christensen,Acteur,Post-franchise,Star Wars,Little Italy,2018,6.6,703,5.4165,523773,2010s,2005,13,Déclin
Hayden Christensen,Acteur,Post-franchise,Star Wars,The Last Man,2018,5.484,129,5.4165,472715,2010s,2005,13,Déclin
Hayden Christensen,Acteur,Post-franchise,Star Wars,Star Wars : L'Ascension de Skywalker,2019,6.273,10765,5.4165,181812,2010s,2005,14,Déclin
Hayden Christensen,Acteur,Post-franchise,Star Wars,Obi-Wan Kenobi : Le retour d'un Jedi,2022,6.79,1011,5.4165,1015606,2020s,2005,17,Déclin
Mark Hamill,Acteur,Post-franchise,Star Wars,L'Empire contre-attaque,1980,8.392,18306,4.1525,1891,1980s,2015,-35,Avant pic
Mark Hamill,Acteur,Post-franchise,Star Wars,Au-delà de la gloire,1980,6.702,334,4.1525,16121,1980s,2015,-35,Avant pic
Mark Hamill,Acteur,Post-franchise,Star Wars,SP FX: The Empire Strikes Back,1980,8.636,11,4.1525,72803,1980s,2015,-35,Avant pic
Mark Hamill,Acteur,Post-franchise,Star Wars,The Night the Lights Went Out in Georgia,1981,5.824,17,4.1525,75596,1980s,2015,-34,Avant pic
Mark Hamill,Acteur,Post-franchise,Star Wars,Britannia Hospital,1982,6.313,72,4.1525,26639,1980s,2015,-33,Avant pic
Mark Hamill,Acteur,Post-franchise,Star Wars,Le Retour du Jedi,1983,7.9,16844,4.1525,1892,1980s,2015,-32,Avant pic
Mark Hamill,Acteur,Post-franchise,Star Wars,From Star Wars to Jedi: The Making of a Saga,1983,7.371,21,4.1525,35795,1980s,2015,-32,Avant pic
Mark Hamill,Acteur,Post-franchise,Star Wars,Slipstream,1989,4.333,60,4.1525,22379,1980s,2015,-26,Avant pic
Mark Hamill,Acteur,Post-franchise,Star Wars,Midnight Ride,1990,5.324,37,4.1525,31942,1990s,2015,-25,Avant pic
Mark Hamill,Acteur,Post-franchise,Star Wars,Le paradis d'Angela,1991,5.417,18,4.1525,246900,1990s,2015,-24,Avant pic
Mark Hamill,Acteur,Post-franchise,Star Wars,Mutronics,1991,5.557,195,4.1525,15026,1990s,2015,-24,Avant pic
Mark Hamill,Acteur,Post-franchise,Star Wars,Flash II: Revenge of the Trickster,1991,6.484,32,4.1525,222619,1990s,2015,-24,Avant pic
Mark Hamill,Acteur,Post-franchise,Star Wars,La Nuit déchirée,1992,6.066,608,4.1525,11428,1990s,2015,-23,Avant pic
Mark Hamill,Acteur,Post-franchise,Star Wars,Time Runner,1993,4.35,28,4.1525,48315,1990s,2015,-22,Avant pic
Mark Hamill,Acteur,Post-franchise,Star Wars,Petits cauchemars avant la nuit,1993,6.123,375,4.1525,31578,1990s,2015,-22,Avant pic
Mark Hamill,Acteur,Post-franchise,Star Wars,The Flintstones: Hollyrock a Bye Baby,1993,6.484,31,4.1525,342708,1990s,2015,-22,Avant pic
Mark Hamill,Acteur,Post-franchise,Star Wars,Batman contre le Fantôme masqué,1993,7.494,1237,4.1525,14919,1990s,2015,-22,Avant pic
Mark Hamill,Acteur,Post-franchise,Star Wars,Le Village des damnés,1995,6.103,906,4.1525,12122,1990s,2015,-20,Avant pic
Mark Hamill,Acteur,Post-franchise,Star Wars,When Time Expires,1997,4.625,16,4.1525,31569,1990s,2015,-18,Avant pic
Mark Hamill,Acteur,Post-franchise,Star Wars,Laserhawk,1997,4.533,15,4.1525,42777,1990s,2015,-18,Avant pic
Mark Hamill,Acteur,Post-franchise,Star Wars,Batman / Superman : L'Alliance,1997,7.357,263,4.1525,17074,1990s,2015,-18,Avant pic
Mark Hamill,Acteur,Post-franchise,Star Wars,Hamilton,1998,5.722,54,4.1525,17629,1990s,2015,-17,Avant pic
Mark Hamill,Acteur,Post-franchise,Star Wars,Carnage,1998,4.9,19,4.1525,100557,1990s,2015,-17,Avant pic
Mark Hamill,Acteur,Post-franchise,Star Wars,Scooby-Doo ! Sur l'île aux zombies,1998,7.665,836,4.1525,13151,1990s,2015,-17,Avant pic
Mark Hamill,Acteur,Post-franchise,Star Wars,Walking Across Egypt,1999,4.853,17,4.1525,32090,1990s,2015,-16,Avant pic
Mark Hamill,Acteur,Post-franchise,Star Wars,Wing Commander,1999,4.822,283,4.1525,10350,1990s,2015,-16,Avant pic
Mark Hamill,Acteur,Post-franchise,Star Wars,Sinbad: Beyond the Veil of Mists,2000,4.7,28,4.1525,123187,2000s,2015,-15,Avant pic
Mark Hamill,Acteur,Post-franchise,Star Wars,Scooby-Doo ! et les extra-terrestres,2000,7.098,392,4.1525,20410,2000s,2015,-15,Avant pic
Mark Hamill,Acteur,Post-franchise,Star Wars,Gen¹³,2000,5.953,32,4.1525,15993,2000s,2015,-15,Avant pic
Mark Hamill,Acteur,Post-franchise,Star Wars,"Joseph, le roi des rêves",2000,6.896,1066,4.1525,16366,2000s,2015,-15,Avant pic
Mark Hamill,Acteur,Post-franchise,Star Wars,"Batman, la relève : Le Retour du Joker",2000,7.342,1186,4.1525,16234,2000s,2015,-15,Avant pic
Mark Hamill,Acteur,Post-franchise,Star Wars,Jay & Bob contre-attaquent,2001,6.435,1726,4.1525,2294,2000s,2015,-14,Avant pic
Mark Hamill,Acteur,Post-franchise,Star Wars,Night of the Living Doo,2001,8.913,46,4.1525,298015,2000s,2015,-14,Avant pic
Mark Hamill,Acteur,Post-franchise,Star Wars,Batman: The Animated Series - The Legend Begins,2002,7.8,11,4.1525,498471,2000s,2015,-13,Avant pic
Mark Hamill,Acteur,Post-franchise,Star Wars,Balto 2 : La quête du loup,2002,6.341,558,4.1525,25913,2000s,2015,-13,Avant pic
Mark Hamill,Acteur,Post-franchise,Star Wars,The Rapsittie Street Kids: Believe in Santa,2002,2.353,34,4.1525,413817,2000s,2015,-13,Avant pic
Mark Hamill,Acteur,Post-franchise,Star Wars,A Scooby-Doo! Christmas,2002,8.3,55,4.1525,511301,2000s,2015,-13,Avant pic
Mark Hamill,Acteur,Post-franchise,Star Wars,Comic Book: The Movie,2004,5.958,26,4.1525,25757,2000s,2015,-11,Avant pic
Mark Hamill,Acteur,Post-franchise,Star Wars,The Story of Star Wars,2004,7.2,22,4.1525,435365,2000s,2015,-11,Avant pic
Mark Hamill,Acteur,Post-franchise,Star Wars,When Star Wars Ruled the World,2004,8.8,10,4.1525,358536,2000s,2015,-11,Avant pic
Mark Hamill,Acteur,Post-franchise,Star Wars,Star Wars : L'Empire des Rêves,2004,7.755,206,4.1525,76180,2000s,2015,-11,Avant pic
Mark Hamill,Acteur,Post-franchise,Star Wars,The Characters of Star Wars,2004,6.85,10,4.1525,486000,2000s,2015,-11,Avant pic
Mark Hamill,Acteur,Post-franchise,Star Wars,Cartoon Network Christmas: Yuletide Follies,2004,9.9,41,4.1525,405794,2000s,2015,-11,Avant pic
Mark Hamill,Acteur,Post-franchise,Star Wars,"Watch the Skies!: Science Fiction, the 1950s and Us",2005,6.818,11,4.1525,171118,2000s,2015,-10,Avant pic
Mark Hamill,Acteur,Post-franchise,Star Wars,Le Ruban de Moebius,2005,5.0,17,4.1525,14152,2000s,2015,-10,Avant pic
Mark Hamill,Acteur,Post-franchise,Star Wars,Legends of the Dark Knight: The History of Batman,2005,7.167,15,4.1525,141559,2000s,2015,-10,Avant pic
Mark Hamill,Acteur,Post-franchise,Star Wars,Scooby-Doo ! et le phare de l'angoisse,2006,9.9,48,4.1525,392622,2000s,2015,-9,Avant pic
Mark Hamill,Acteur,Post-franchise,Star Wars,Scooby-Doo ! Les fantômes débarquent,2006,9.8,50,4.1525,386024,2000s,2015,-9,Avant pic
Mark Hamill,Acteur,Post-franchise,Star Wars,L'incroyable histoire de Superman,2006,7.567,30,4.1525,24479,2000s,2015,-9,Avant pic
Mark Hamill,Acteur,Post-franchise,Star Wars,Queer Duck: The Movie,2006,4.25,24,4.1525,34728,2000s,2015,-9,Avant pic
Mark Hamill,Acteur,Post-franchise,Star Wars,Les Vengeurs Ultimate 2,2006,6.782,319,4.1525,14611,2000s,2015,-9,Avant pic
Mark Hamill,Acteur,Post-franchise,Star Wars,Codename: Kids Next Door: Operation Z.E.R.O.,2006,7.986,245,4.1525,205081,2000s,2015,-9,Avant pic
Mark Hamill,Acteur,Post-franchise,Star Wars,Tom et Jerry - La Chasse au trésor,2006,6.9,166,4.1525,60293,2000s,2015,-9,Avant pic
Mark Hamill,Acteur,Post-franchise,Star Wars,Robotech - The shadow chronicles,2006,6.078,32,4.1525,16364,2000s,2015,-9,Avant pic
Mark Hamill,Acteur,Post-franchise,Star Wars,Robot Chicken: Star Wars,2007,7.244,268,4.1525,42979,2000s,2015,-8,Avant pic
Mark Hamill,Acteur,Post-franchise,Star Wars,Battle for Terra,2007,6.143,301,4.1525,16873,2000s,2015,-8,Avant pic
Mark Hamill,Acteur,Post-franchise,Star Wars,Futurama : La Grande Aventure de Bender,2007,7.372,759,4.1525,7249,2000s,2015,-8,Avant pic
Mark Hamill,Acteur,Post-franchise,Star Wars,Codename: Kids Next Door: Operation I.N.T.E.R.V.I.E.W.S.,2008,8.4,31,4.1525,543744,2000s,2015,-7,Avant pic
Mark Hamill,Acteur,Post-franchise,Star Wars,"Tigrou et Winnie, la comédie musicale",2009,6.6,18,4.1525,236833,2000s,2015,-6,Avant pic
Mark Hamill,Acteur,Post-franchise,Star Wars,Afro Samurai Resurrection,2009,6.856,216,4.1525,14711,2000s,2015,-6,Avant pic
Mark Hamill,Acteur,Post-franchise,Star Wars,Dante's Inferno,2010,6.961,567,4.1525,31967,2010s,2015,-5,Avant pic
Mark Hamill,Acteur,Post-franchise,Star Wars,The People vs. George Lucas,2010,6.357,112,4.1525,75311,2010s,2015,-5,Avant pic
Mark Hamill,Acteur,Post-franchise,Star Wars,Scooby-Doo ! La colonie de la peur,2010,7.783,332,4.1525,45752,2010s,2015,-5,Avant pic
Mark Hamill,Acteur,Post-franchise,Star Wars,Quantum Quest: A Cassini Space Odyssey,2010,6.353,17,4.1525,23738,2010s,2015,-5,Avant pic
Mark Hamill,Acteur,Post-franchise,Star Wars,LEGO Hero Factory: L'ascension des débutants,2010,6.4,14,4.1525,275287,2010s,2015,-5,Avant pic
Mark Hamill,Acteur,Post-franchise,Star Wars,Star Wars Spoofs,2011,7.9,13,4.1525,515773,2010s,2015,-4,Avant pic
Mark Hamill,Acteur,Post-franchise,Star Wars,LEGO Star Wars : La Menace Padawan,2011,6.6,158,4.1525,70608,2010s,2015,-4,Avant pic
Mark Hamill,Acteur,Post-franchise,Star Wars,Scooby-Doo ! et les zombies,2011,9.1,58,4.1525,295421,2010s,2015,-4,Avant pic
Mark Hamill,Acteur,Post-franchise,Star Wars,Final Cut : Ladies And Gentlemen,2012,7.5,84,4.1525,126314,2010s,2015,-3,Avant pic
Mark Hamill,Acteur,Post-franchise,Star Wars,Airborne,2012,3.7,60,4.1525,85207,2010s,2015,-3,Avant pic
Mark Hamill,Acteur,Post-franchise,Star Wars,Sushi Girl,2012,5.5,116,4.1525,60540,2010s,2015,-3,Avant pic
Mark Hamill,Acteur,Post-franchise,Star Wars,A Fuller Life,2013,6.6,12,4.1525,229065,2010s,2015,-2,Avant pic
Mark Hamill,Acteur,Post-franchise,Star Wars,Metalocalypse: The Doomstar Requiem - A Klok Opera,2013,7.9,63,4.1525,328407,2010s,2015,-2,Avant pic
Mark Hamill,Acteur,Post-franchise,Star Wars,I Know That Voice,2014,7.132,102,4.1525,124623,2010s,2015,-1,Avant pic
Mark Hamill,Acteur,Post-franchise,Star Wars,Tom et Jerry - Droles de lutins pour le père Noel,2014,5.9,20,4.1525,307650,2010s,2015,-1,Avant pic
Mark Hamill,Acteur,Post-franchise,Star Wars,Elf: Buddy's Musical Christmas,2014,5.3,36,4.1525,312100,2010s,2015,-1,Avant pic
Mark Hamill,Acteur,Post-franchise,Star Wars,Kingsman : Services secrets,2015,7.619,17746,4.1525,207703,2010s,2015,0,Pic
Mark Hamill,Acteur,Post-franchise,Star Wars,Scooby-Doo ! et le monstre de l'espace,2015,7.7,172,4.1525,302960,2010s,2015,0,Pic
Mark Hamill,Acteur,Post-franchise,Star Wars,La Ligue des Justiciers - L'attaque de la Légion Maudite,2015,6.626,143,4.1525,353595,2010s,2015,0,Pic
Mark Hamill,Acteur,Post-franchise,Star Wars,Regular Show : Le Film,2015,7.9,418,4.1525,354857,2010s,2015,0,Pic
Mark Hamill,Acteur,Post-franchise,Star Wars,Star Wars : Le Réveil de la Force,2015,7.25,20456,4.1525,140607,2010s,2015,0,Pic
Mark Hamill,Acteur,Post-franchise,Star Wars,Star Wars: Evolution of the Lightsaber Duel,2015,6.3,13,4.1525,376798,2010s,2015,0,Pic
Mark Hamill,Acteur,Post-franchise,Star Wars,Secrets Of The Force Awakens - A Cinematic Journey,2016,7.038,39,4.1525,388885,2010s,2015,1,Post-pic récent
Mark Hamill,Acteur,Post-franchise,Star Wars,Batman: The Killing Joke,2016,6.614,1925,4.1525,382322,2010s,2015,1,Post-pic récent
Mark Hamill,Acteur,Post-franchise,Star Wars,Rogue One : A Star Wars Story,2016,7.505,16317,4.1525,330459,2010s,2015,1,Post-pic récent
Mark Hamill,Acteur,Post-franchise,Star Wars,Bunyan and Babe,2017,5.682,22,4.1525,435995,2010s,2015,2,Post-pic récent
Mark Hamill,Acteur,Post-franchise,Star Wars,Brigsby Bear,2017,7.106,414,4.1525,403431,2010s,2015,2,Post-pic récent
Mark Hamill,Acteur,Post-franchise,Star Wars,Howard Lovecraft & the Undersea Kingdom,2017,4.6,13,4.1525,491277,2010s,2015,2,Post-pic récent
Mark Hamill,Acteur,Post-franchise,Star Wars,Transformers: Titans Return,2017,6.9,201,4.1525,521494,2010s,2015,2,Post-pic récent
Mark Hamill,Acteur,Post-franchise,Star Wars,Star Wars : Les Derniers Jedi,2017,6.8,16251,4.1525,181808,2010s,2015,2,Post-pic récent
Mark Hamill,Acteur,Post-franchise,Star Wars,Con Man,2018,4.909,22,4.1525,454648,2010s,2015,3,Post-pic récent
Mark Hamill,Acteur,Post-franchise,Star Wars,The Director and the Jedi,2018,7.227,44,4.1525,510714,2010s,2015,3,Post-pic récent
Mark Hamill,Acteur,Post-franchise,Star Wars,Transformers: Power of the Primes,2018,8.7,16,4.1525,535401,2010s,2015,3,Post-pic récent
Mark Hamill,Acteur,Post-franchise,Star Wars,Howard Lovecraft & The Kingdom Of Madness,2018,4.7,15,4.1525,566611,2010s,2015,3,Post-pic récent
Mark Hamill,Acteur,Post-franchise,Star Wars,Child's Play : La Poupée du mal,2019,5.966,2042,4.1525,533642,2010s,2015,4,Post-pic récent
Mark Hamill,Acteur,Post-franchise,Star Wars,Making waves : la magie du son au cinéma,2019,6.875,80,4.1525,595841,2010s,2015,4,Post-pic récent
Mark Hamill,Acteur,Post-franchise,Star Wars,Star Wars : L'Ascension de Skywalker,2019,6.273,10765,4.1525,181812,2010s,2015,4,Post-pic récent
Mark Hamill,Acteur,Post-franchise,Star Wars,Celebrating Marvel's Stan Lee,2019,7.1,22,4.1525,662151,2010s,2015,4,Post-pic récent
Mark Hamill,Acteur,Post-franchise,Star Wars,The Skywalker Legacy,2020,7.783,46,4.1525,680382,2020s,2015,5,Post-pic récent
Mark Hamill,Acteur,Post-franchise,Star Wars,Joker: Put on a Happy Face,2020,8.011,47,4.1525,734586,2020s,2015,5,Post-pic récent
Mark Hamill,Acteur,Post-franchise,Star Wars,Dans les coulisses de Willow,2023,4.313,16,4.1525,1076366,2020s,2015,8,Déclin
Mark Hamill,Acteur,Post-franchise,Star Wars,The Machine,2023,5.786,208,4.1525,647250,2020s,2015,8,Déclin
Mark Hamill,Acteur,Post-franchise,Star Wars,Metalocalypse: Army of the Doomstar,2023,6.6,65,4.1525,828899,2020s,2015,8,Déclin
Mark Hamill,Acteur,Post-franchise,Star Wars,Jim Henson : l'homme aux mille idées,2024,7.81,50,4.1525,1273196,2020s,2015,9,Déclin
Mark Hamill,Acteur,Post-franchise,Star Wars,Justice League : Crisis on Infinite Earths Partie 3,2024,7.184,321,4.1525,1209290,2020s,2015,9,Déclin
Mark Hamill,Acteur,Post-franchise,Star Wars,Le Robot sauvage,2024,8.305,5957,4.1525,1184918,2020s,2015,9,Déclin
Mark Hamill,Acteur,Post-franchise,Star Wars,Le Roi des rois,2025,8.177,172,4.1525,1181107,2020s,2015,10,Déclin
Mark Hamill,Acteur,Post-franchise,Star Wars,Life of Chuck,2025,7.284,1038,4.1525,842924,2020s,2015,10,Déclin
Mark Hamill,Acteur,Post-franchise,Star Wars,Marche ou crève,2025,6.916,1400,4.1525,604079,2020s,2015,10,Déclin
Mark Hamill,Acteur,Post-franchise,Star Wars,"Bob l'éponge, le film : Un pour tous, tous pirates !",2025,6.8,271,4.1525,991494,2020s,2015,10,Déclin
Justin Chatwin,Acteur,Flop,Dragon Ball Evolution,Josie et les Pussycats,2001,5.808,369,1.7546,19366,2000s,2005,-4,Avant pic
Justin Chatwin,Acteur,Flop,Dragon Ball Evolution,"Taking Lives, destins violés",2004,6.377,1736,1.7546,11081,2000s,2005,-1,Avant pic
Justin Chatwin,Acteur,Flop,Dragon Ball Evolution,Les P'tits génies 2,2004,2.949,167,1.7546,31117,2000s,2005,-1,Avant pic
Justin Chatwin,Acteur,Flop,Dragon Ball Evolution,Génération RX,2005,6.455,213,1.7546,13919,2000s,2005,0,Pic
Justin Chatwin,Acteur,Flop,Dragon Ball Evolution,La Guerre des mondes,2005,6.536,9112,1.7546,74,2000s,2005,0,Pic
Justin Chatwin,Acteur,Flop,Dragon Ball Evolution,Invisible,2007,6.355,579,1.7546,9785,2000s,2005,2,Post-pic récent
Justin Chatwin,Acteur,Flop,Dragon Ball Evolution,Middle of Nowhere,2008,5.778,79,1.7546,19688,2000s,2005,3,Post-pic récent
Justin Chatwin,Acteur,Flop,Dragon Ball Evolution,Dragonball Evolution,2009,2.939,2190,1.7546,14164,2000s,2005,4,Post-pic récent
Justin Chatwin,Acteur,Flop,Dragon Ball Evolution,Funkytown,2011,5.3,32,1.7546,61542,2010s,2005,6,Déclin
Justin Chatwin,Acteur,Flop,Dragon Ball Evolution,Bang Bang Baby,2014,6.1,34,1.7546,269057,2010s,2005,9,Déclin
Justin Chatwin,Acteur,Flop,Dragon Ball Evolution,No Stranger Than Love,2015,4.5,58,1.7546,243752,2010s,2005,10,Déclin
Justin Chatwin,Acteur,Flop,Dragon Ball Evolution,The Duke,2016,4.333,234,1.7546,353433,2010s,2005,11,Déclin
Justin Chatwin,Acteur,Flop,Dragon Ball Evolution,1 Night,2016,6.2,151,1.7546,416691,2010s,2005,11,Déclin
Justin Chatwin,Acteur,Flop,Dragon Ball Evolution,Doctor Who - Le Retour du Docteur Mysterio,2016,7.408,38,1.7546,646767,2010s,2005,11,Déclin
Justin Chatwin,Acteur,Flop,Dragon Ball Evolution,CHiPs,2017,6.132,1380,1.7546,417644,2010s,2005,12,Déclin
Justin Chatwin,Acteur,Flop,Dragon Ball Evolution,We Don't Belong Here,2017,5.6,39,1.7546,334537,2010s,2005,12,Déclin
Justin Chatwin,Acteur,Flop,Dragon Ball Evolution,"Mon chat, mon chien... et les autres",2017,6.1,70,1.7546,345937,2010s,2005,12,Déclin
Justin Chatwin,Acteur,Flop,Dragon Ball Evolution,In the Cloud,2018,5.0,22,1.7546,503517,2010s,2005,13,Déclin
Justin Chatwin,Acteur,Flop,Dragon Ball Evolution,The Scent of Rain & Lightning,2018,5.0,36,1.7546,411141,2010s,2005,13,Déclin
Justin Chatwin,Acteur,Flop,Dragon Ball Evolution,The Assassin's Code,2018,5.3,35,1.7546,516321,2010s,2005,13,Déclin
Justin Chatwin,Acteur,Flop,Dragon Ball Evolution,Summer Night,2019,5.3,31,1.7546,532402,2010s,2005,14,Déclin
Justin Chatwin,Acteur,Flop,Dragon Ball Evolution,Die in a Gunfight,2021,5.252,145,1.7546,481879,2020s,2005,16,Déclin
Justin Chatwin,Acteur,Flop,Dragon Ball Evolution,The Walk,2022,5.8,20,1.7546,962279,2020s,2005,17,Déclin
Justin Chatwin,Acteur,Flop,Dragon Ball Evolution,Reagan,2024,6.295,112,1.7546,647245,2020s,2005,19,Déclin
Taylor Kitsch,Acteur,Flop,John Carter,John Tucker doit mourir,2006,6.105,1459,2.5647,9293,2000s,2009,-3,Avant pic
Taylor Kitsch,Acteur,Flop,John Carter,Des Serpents Dans l'Avion,2006,5.483,1959,2.5647,326,2000s,2009,-3,Avant pic
Taylor Kitsch,Acteur,Flop,John Carter,Le Pacte du Sang,2006,5.592,1096,2.5647,9954,2000s,2009,-3,Avant pic
Taylor Kitsch,Acteur,Flop,John Carter,Gospel Hill,2008,4.7,27,2.5647,20933,2000s,2009,-1,Avant pic
Taylor Kitsch,Acteur,Flop,John Carter,X-Men Origins : Wolverine,2009,6.287,11186,2.5647,2080,2000s,2009,0,Pic
Taylor Kitsch,Acteur,Flop,John Carter,Weapon X Mutant Files,2009,7.1,23,2.5647,447147,2000s,2009,0,Pic
Taylor Kitsch,Acteur,Flop,John Carter,Shots of War,2011,6.57,178,2.5647,60011,2010s,2009,2,Post-pic récent
Taylor Kitsch,Acteur,Flop,John Carter,John Carter,2012,6.359,6057,2.5647,49529,2010s,2009,3,Post-pic récent
Taylor Kitsch,Acteur,Flop,John Carter,Battleship,2012,5.884,5909,2.5647,44833,2010s,2009,3,Post-pic récent
Taylor Kitsch,Acteur,Flop,John Carter,Savages,2012,6.354,2274,2.5647,82525,2010s,2009,3,Post-pic récent
Taylor Kitsch,Acteur,Flop,John Carter,Du sang et des larmes,2013,7.428,4713,2.5647,193756,2010s,2009,4,Post-pic récent
Taylor Kitsch,Acteur,Flop,John Carter,The Normal Heart,2014,7.736,915,2.5647,113833,2010s,2009,5,Post-pic récent
Taylor Kitsch,Acteur,Flop,John Carter,La Grande séduction à l'anglaise,2014,6.676,358,2.5647,209185,2010s,2009,5,Post-pic récent
Taylor Kitsch,Acteur,Flop,John Carter,Apprentis super‐héros,2016,5.7,35,2.5647,385722,2010s,2009,7,Déclin
Taylor Kitsch,Acteur,Flop,John Carter,American Assassin,2017,6.42,3235,2.5647,415842,2010s,2009,8,Déclin
Taylor Kitsch,Acteur,Flop,John Carter,The Dig,2017,6.8,12,2.5647,487287,2010s,2009,8,Déclin
Taylor Kitsch,Acteur,Flop,John Carter,Line of Fire,2017,7.5,1842,2.5647,395991,2010s,2009,8,Déclin
Taylor Kitsch,Acteur,Flop,John Carter,Manhattan Lockdown,2019,6.769,2142,2.5647,535292,2010s,2009,10,Déclin
John Travolta,Acteur,Flop,Battlefield Earth,Urban Cowboy,1980,6.476,269,5.774,17496,1980s,1994,-14,Avant pic
John Travolta,Acteur,Flop,Battlefield Earth,Blow Out,1981,7.364,1659,5.774,11644,1980s,1994,-13,Avant pic
John Travolta,Acteur,Flop,Battlefield Earth,Staying Alive,1983,5.773,490,5.774,10805,1980s,1994,-11,Avant pic
John Travolta,Acteur,Flop,Battlefield Earth,Second Chance,1983,5.887,136,5.774,32644,1980s,1994,-11,Avant pic
John Travolta,Acteur,Flop,Battlefield Earth,That's Dancing!,1985,7.075,20,5.774,42047,1980s,1994,-9,Avant pic
John Travolta,Acteur,Flop,Battlefield Earth,Perfect,1985,5.674,198,5.774,49370,1980s,1994,-9,Avant pic
John Travolta,Acteur,Flop,Battlefield Earth,Les Experts,1989,4.635,49,5.774,55699,1980s,1994,-5,Avant pic
John Travolta,Acteur,Flop,Battlefield Earth,"Allô maman, ici bébé",1989,6.274,2442,5.774,9494,1980s,1994,-5,Avant pic
John Travolta,Acteur,Flop,Battlefield Earth,"Allô maman, c'est encore moi",1990,5.474,1475,5.774,9356,1990s,1994,-4,Avant pic
John Travolta,Acteur,Flop,Battlefield Earth,Les yeux d'un ange,1991,6.9,47,5.774,50677,1990s,1994,-3,Avant pic
John Travolta,Acteur,Flop,Battlefield Earth,Les Seigneurs de la ville,1991,5.474,27,5.774,38299,1990s,1994,-3,Avant pic
John Travolta,Acteur,Flop,Battlefield Earth,Un Cri du cœur,1991,5.83,40,5.774,25674,1990s,1994,-3,Avant pic
John Travolta,Acteur,Flop,Battlefield Earth,Boris and Natasha,1992,4.45,20,5.774,101897,1990s,1994,-2,Avant pic
John Travolta,Acteur,Flop,Battlefield Earth,"Allô maman, c'est Noël",1993,5.328,1087,5.774,11982,1990s,1994,-1,Avant pic
John Travolta,Acteur,Flop,Battlefield Earth,Pulp Fiction,1994,8.484,30063,5.774,680,1990s,1994,0,Pic
John Travolta,Acteur,Flop,Battlefield Earth,Get Shorty,1995,6.505,1204,5.774,8012,1990s,1994,1,Post-pic récent
John Travolta,Acteur,Flop,Battlefield Earth,White Man,1995,5.106,86,5.774,31611,1990s,1994,1,Post-pic récent
John Travolta,Acteur,Flop,Battlefield Earth,Broken Arrow,1996,6.062,1653,5.774,9208,1990s,1994,2,Post-pic récent
John Travolta,Acteur,Flop,Battlefield Earth,Phénomène,1996,6.477,1323,5.774,9294,1990s,1994,2,Post-pic récent
John Travolta,Acteur,Flop,Battlefield Earth,Michael,1996,5.717,678,5.774,2928,1990s,1994,2,Post-pic récent
John Travolta,Acteur,Flop,Battlefield Earth,Volte/Face,1997,7.055,5846,5.774,754,1990s,1994,3,Post-pic récent
John Travolta,Acteur,Flop,Battlefield Earth,She's So Lovely,1997,5.887,128,5.774,38295,1990s,1994,3,Post-pic récent
John Travolta,Acteur,Flop,Battlefield Earth,Mad City,1997,6.251,364,5.774,9770,1990s,1994,3,Post-pic récent
John Travolta,Acteur,Flop,Battlefield Earth,Primary Colors,1998,6.28,346,5.774,9440,1990s,1994,4,Post-pic récent
John Travolta,Acteur,Flop,Battlefield Earth,Bee Gees - One Night Only,1998,8.137,84,5.774,25979,1990s,1994,4,Post-pic récent
John Travolta,Acteur,Flop,Battlefield Earth,La Ligne rouge,1998,7.442,3273,5.774,8741,1990s,1994,4,Post-pic récent
John Travolta,Acteur,Flop,Battlefield Earth,Préjudice,1998,6.469,489,5.774,9422,1990s,1994,4,Post-pic récent
John Travolta,Acteur,Flop,Battlefield Earth,"Our Friend, Martin",1999,7.107,14,5.774,185759,1990s,1994,5,Post-pic récent
John Travolta,Acteur,Flop,Battlefield Earth,Le Déshonneur d'Elisabeth Campbell,1999,6.4,1021,5.774,2275,1990s,1994,5,Post-pic récent
John Travolta,Acteur,Flop,Battlefield Earth,"Battlefield Earth : Terre, champ de bataille",2000,3.342,928,5.774,5491,2000s,1994,6,Déclin
John Travolta,Acteur,Flop,Battlefield Earth,Le Bon Numéro,2000,5.148,196,5.774,10783,2000s,1994,6,Déclin
John Travolta,Acteur,Flop,Battlefield Earth,Welcome to Hollywood,2000,4.143,14,5.774,127088,2000s,1994,6,Déclin
John Travolta,Acteur,Flop,Battlefield Earth,Opération Espadon,2001,6.26,2924,5.774,9705,2000s,1994,7,Déclin
John Travolta,Acteur,Flop,Battlefield Earth,L'Intrus,2001,5.773,464,5.774,11456,2000s,1994,7,Déclin
John Travolta,Acteur,Flop,Battlefield Earth,Austin Powers dans Goldmember,2002,6.018,3407,5.774,818,2000s,1994,8,Déclin
John Travolta,Acteur,Flop,Battlefield Earth,Basic,2003,6.497,1128,5.774,10782,2000s,1994,9,Déclin
John Travolta,Acteur,Flop,Battlefield Earth,The Punisher,2004,6.361,3105,5.774,7220,2000s,1994,10,Déclin
John Travolta,Acteur,Flop,Battlefield Earth,Love Song,2004,6.798,430,5.774,9953,2000s,1994,10,Déclin
John Travolta,Acteur,Flop,Battlefield Earth,Piège de feu,2004,6.44,853,5.774,11128,2000s,1994,10,Déclin
John Travolta,Acteur,Flop,Battlefield Earth,Be Cool,2005,5.47,973,5.774,4551,2000s,1994,11,Déclin
John Travolta,Acteur,Flop,Battlefield Earth,Magnifique désolation : marchons sur la lune,2005,5.86,15,5.774,30172,2000s,1994,11,Déclin
John Travolta,Acteur,Flop,Battlefield Earth,Cœurs perdus,2006,6.049,374,5.774,1252,2000s,1994,12,Déclin
John Travolta,Acteur,Flop,Battlefield Earth,Bande de sauvages,2007,5.968,2437,5.774,11199,2000s,1994,13,Déclin
John Travolta,Acteur,Flop,Battlefield Earth,Brando,2007,6.8,12,5.774,140241,2000s,1994,13,Déclin
John Travolta,Acteur,Flop,Battlefield Earth,Hairspray,2007,6.663,2609,5.774,2976,2000s,1994,13,Déclin
John Travolta,Acteur,Flop,Battlefield Earth,"Volt, star malgré lui",2008,6.537,6464,5.774,13053,2000s,1994,14,Déclin
John Travolta,Acteur,Flop,Battlefield Earth,L'Attaque du métro 123,2009,6.357,3376,5.774,18487,2000s,1994,15,Déclin
John Travolta,Acteur,Flop,Battlefield Earth,Les 2 font la ''père'',2009,5.563,781,5.774,22949,2000s,1994,15,Déclin
John Travolta,Acteur,Flop,Battlefield Earth,From Paris with Love,2010,6.379,2296,5.774,26389,2010s,1994,16,Déclin
John Travolta,Acteur,Flop,Battlefield Earth,2Everything2Terrible2: Tokyo Drift,2010,6.1,17,5.774,41130,2010s,1994,16,Déclin
John Travolta,Acteur,Flop,Battlefield Earth,I'm still here,2010,6.0,401,5.774,43939,2010s,1994,16,Déclin
John Travolta,Acteur,Flop,Battlefield Earth,Final Cut : Ladies And Gentlemen,2012,7.5,84,5.774,126314,2010s,1994,18,Déclin
John Travolta,Acteur,Flop,Battlefield Earth,Savages,2012,6.354,2274,5.774,82525,2010s,1994,18,Déclin
John Travolta,Acteur,Flop,Battlefield Earth,Casting By,2012,6.857,43,5.774,127878,2010s,1994,18,Déclin
John Travolta,Acteur,Flop,Battlefield Earth,Quentin Tarantino: 20 Years of Filmmaking,2013,6.7,21,5.774,199951,2010s,1994,19,Déclin
John Travolta,Acteur,Flop,Battlefield Earth,Face à Face,2013,5.536,1028,5.774,77663,2010s,1994,19,Déclin
John Travolta,Acteur,Flop,Battlefield Earth,L’Affaire Monet,2014,5.828,398,5.774,255157,2010s,1994,20,Déclin
John Travolta,Acteur,Flop,Battlefield Earth,Criminal Activities,2015,5.9,322,5.774,334527,2010s,1994,21,Déclin
John Travolta,Acteur,Flop,Battlefield Earth,The Revenge,2016,5.746,738,5.774,332411,2010s,1994,22,Déclin
John Travolta,Acteur,Flop,Battlefield Earth,In a Valley of Violence,2016,6.111,633,5.774,291356,2010s,1994,22,Déclin
John Travolta,Acteur,Flop,Battlefield Earth,"David Blaine, Au-delà de la magie",2016,7.1,44,5.774,426222,2010s,1994,22,Déclin
John Travolta,Acteur,Flop,Battlefield Earth,Life on the Line,2016,5.8,233,5.774,398289,2010s,1994,22,Déclin
John Travolta,Acteur,Flop,Battlefield Earth,Gotti,2018,5.315,639,5.774,339103,2010s,1994,24,Déclin
John Travolta,Acteur,Flop,Battlefield Earth,Studio 54,2018,6.482,83,5.774,493101,2010s,1994,24,Déclin
John Travolta,Acteur,Flop,Battlefield Earth,La mort à toute vitesse,2018,5.4,145,5.774,466411,2010s,1994,24,Déclin
John Travolta,Acteur,Flop,Battlefield Earth,La victoire dans le sang,2019,5.386,127,5.774,474214,2010s,1994,25,Déclin
John Travolta,Acteur,Flop,Battlefield Earth,The Poison Rose,2019,4.728,370,5.774,529983,2010s,1994,25,Déclin
John Travolta,Acteur,Flop,Battlefield Earth,The Fanatic,2019,4.4,331,5.774,509853,2010s,1994,25,Déclin
John Travolta,Acteur,Flop,Battlefield Earth,Paradise City,2022,5.486,179,5.774,829799,2020s,1994,28,Déclin
John Travolta,Acteur,Flop,Battlefield Earth,Die Hart,2023,5.9,507,5.774,1077280,2020s,1994,29,Déclin
John Travolta,Acteur,Flop,Battlefield Earth,Mob Land,2023,5.537,94,5.774,979275,2020s,1994,29,Déclin
John Travolta,Acteur,Flop,Battlefield Earth,Le Berger,2023,6.815,116,5.774,1116488,2020s,1994,29,Déclin
John Travolta,Acteur,Flop,Battlefield Earth,Hot Potato: The Story of The Wiggles,2023,7.9,14,5.774,1034265,2020s,1994,29,Déclin
John Travolta,Acteur,Flop,Battlefield Earth,Cash Out,2024,6.239,243,5.774,1116490,2020s,1994,30,Déclin
John Travolta,Acteur,Flop,Battlefield Earth,Cash Out 2: High Rollers,2025,6.525,119,5.774,1149167,2020s,1994,31,Déclin
Macaulay Culkin,Acteur,Disparu,Home Alone,The Midnight Hour,1985,5.898,59,3.2586,35564,1980s,1990,-5,Avant pic
Macaulay Culkin,Acteur,Disparu,Home Alone,Rocket Gibraltar,1988,6.014,36,3.2586,58434,1980s,1990,-2,Avant pic
Macaulay Culkin,Acteur,Disparu,Home Alone,"À demain, mon amour",1989,6.0,19,3.2586,120518,1980s,1990,-1,Avant pic
Macaulay Culkin,Acteur,Disparu,Home Alone,L'oncle Buck,1989,6.801,1336,3.2586,2616,1980s,1990,-1,Avant pic
Macaulay Culkin,Acteur,Disparu,Home Alone,L'Échelle de Jacob,1990,7.368,1872,3.2586,2291,1990s,1990,0,Pic
Macaulay Culkin,Acteur,Disparu,Home Alone,"Maman, j'ai raté l'avion !",1990,7.464,12445,3.2586,771,1990s,1990,0,Pic
Macaulay Culkin,Acteur,Disparu,Home Alone,WWE WrestleMania VII,1991,7.375,24,3.2586,58599,1990s,1990,1,Post-pic récent
Macaulay Culkin,Acteur,Disparu,Home Alone,Ta mère ou moi,1991,6.117,188,3.2586,2611,1990s,1990,1,Post-pic récent
Macaulay Culkin,Acteur,Disparu,Home Alone,My Girl,1991,7.412,2274,3.2586,4032,1990s,1990,1,Post-pic récent
Macaulay Culkin,Acteur,Disparu,Home Alone,Michael Jackson : Live in Bucharest - The Dangerous Tour,1992,8.648,128,3.2586,20227,1990s,1990,2,Post-pic récent
Macaulay Culkin,Acteur,Disparu,Home Alone,"Maman, j'ai encore raté l'avion !",1992,6.785,10563,3.2586,772,1990s,1990,2,Post-pic récent
Macaulay Culkin,Acteur,Disparu,Home Alone,Le Bon Fils,1993,6.784,1033,3.2586,9272,1990s,1990,3,Post-pic récent
Macaulay Culkin,Acteur,Disparu,Home Alone,Michael Jackson : Dangerous - The Short Films,1993,8.244,41,3.2586,267246,1990s,1990,3,Post-pic récent
Macaulay Culkin,Acteur,Disparu,Home Alone,The nutcracker,1993,5.759,56,3.2586,73191,1990s,1990,3,Post-pic récent
Macaulay Culkin,Acteur,Disparu,Home Alone,"Rends la monnaie, papa",1994,5.3,216,3.2586,41579,1990s,1990,4,Post-pic récent
Macaulay Culkin,Acteur,Disparu,Home Alone,Richard au pays des livres magiques,1994,6.413,778,3.2586,15139,1990s,1990,4,Post-pic récent
Macaulay Culkin,Acteur,Disparu,Home Alone,Richie Rich,1994,5.938,2405,3.2586,11011,1990s,1990,4,Post-pic récent
Macaulay Culkin,Acteur,Disparu,Home Alone,Michael Jackson's Private Home Movies,2003,8.929,14,3.2586,622146,2000s,1990,13,Déclin
Macaulay Culkin,Acteur,Disparu,Home Alone,Party Monster,2003,5.774,195,3.2586,1415,2000s,1990,13,Déclin
Macaulay Culkin,Acteur,Disparu,Home Alone,Saturday Night Live: The Best of Chris Farley,2003,7.594,32,3.2586,286500,2000s,1990,13,Déclin
Macaulay Culkin,Acteur,Disparu,Home Alone,Saved!,2004,6.424,509,3.2586,13193,2000s,1990,14,Déclin
Macaulay Culkin,Acteur,Disparu,Home Alone,Sex and Breakfast,2007,5.3,59,3.2586,15053,2000s,1990,17,Déclin
Macaulay Culkin,Acteur,Disparu,Home Alone,An Open Secret,2014,6.9,68,3.2586,294368,2010s,1990,24,Déclin
Macaulay Culkin,Acteur,Disparu,Home Alone,Zoolander 2,2016,4.927,2371,3.2586,329833,2010s,1990,26,Déclin
Macaulay Culkin,Acteur,Disparu,Home Alone,Leaving Neverland,2019,5.975,120,3.2586,594404,2010s,1990,29,Déclin
Macaulay Culkin,Acteur,Disparu,Home Alone,Changeland,2019,5.636,81,3.2586,575381,2010s,1990,29,Déclin
Macaulay Culkin,Acteur,Disparu,Home Alone,Entergalactic,2022,7.694,480,3.2586,1027014,2020s,1990,32,Déclin
Macaulay Culkin,Acteur,Disparu,Home Alone,La famille Paloni présente Halloween,2022,6.265,34,3.2586,1019105,2020s,1990,32,Déclin
Macaulay Culkin,Acteur,Disparu,Home Alone,John Candy: I Like Me,2025,7.854,89,3.2586,1492608,2020s,1990,35,Déclin
Macaulay Culkin,Acteur,Disparu,Home Alone,Zootopie 2,2025,7.6,2623,3.2586,1084242,2020s,1990,35,Déclin
M. Night Shyamalan,Realisateur,Declin,The Sixth Sense,Praying with Anger,1993,4.942,26,2.632,114284,1990s,2017,-24,Avant pic
M. Night Shyamalan,Realisateur,Declin,The Sixth Sense,Wide Awake,1998,5.526,95,2.632,32911,1990s,2017,-19,Avant pic
M. Night Shyamalan,Realisateur,Declin,The Sixth Sense,Sixième Sens,1999,7.951,12785,2.632,745,1990s,2017,-18,Avant pic
M. Night Shyamalan,Realisateur,Declin,The Sixth Sense,Stuart Little,1999,6.069,4624,2.632,10137,1990s,2017,-18,Avant pic
M. Night Shyamalan,Realisateur,Declin,The Sixth Sense,Incassable,2000,7.143,9878,2.632,9741,2000s,2017,-17,Avant pic
M. Night Shyamalan,Realisateur,Declin,The Sixth Sense,Signes,2002,6.698,6217,2.632,2675,2000s,2017,-15,Avant pic
M. Night Shyamalan,Realisateur,Declin,The Sixth Sense,Le Village,2004,6.482,4553,2.632,6947,2000s,2017,-13,Avant pic
M. Night Shyamalan,Realisateur,Declin,The Sixth Sense,La Jeune Fille de l'eau,2006,5.6,1477,2.632,9697,2000s,2017,-11,Avant pic
M. Night Shyamalan,Realisateur,Declin,The Sixth Sense,Phénomènes,2008,5.397,3920,2.632,8645,2000s,2017,-9,Avant pic
M. Night Shyamalan,Realisateur,Declin,The Sixth Sense,Le Dernier Maître de l'air,2010,4.648,4243,2.632,10196,2010s,2017,-7,Avant pic
M. Night Shyamalan,Realisateur,Declin,The Sixth Sense,Devil,2010,6.104,3091,2.632,44040,2010s,2017,-7,Avant pic
M. Night Shyamalan,Realisateur,Declin,The Sixth Sense,After Earth,2013,5.177,6843,2.632,82700,2010s,2017,-4,Avant pic
M. Night Shyamalan,Realisateur,Declin,The Sixth Sense,The Visit,2015,6.325,5139,2.632,298312,2010s,2017,-2,Avant pic
M. Night Shyamalan,Realisateur,Declin,The Sixth Sense,Split,2017,7.341,18262,2.632,381288,2010s,2017,0,Pic
M. Night Shyamalan,Realisateur,Declin,The Sixth Sense,Glass,2019,6.665,9042,2.632,450465,2010s,2017,2,Post-pic récent
M. Night Shyamalan,Realisateur,Declin,The Sixth Sense,Old,2021,6.3,4843,2.632,631843,2020s,2017,4,Post-pic récent
M. Night Shyamalan,Realisateur,Declin,The Sixth Sense,Knock at the Cabin,2023,6.2,3061,2.632,631842,2020s,2017,6,Déclin
M. Night Shyamalan,Realisateur,Declin,The Sixth Sense,Les Guetteurs,2024,6.353,1561,2.632,1086747,2020s,2017,7,Déclin
M. Night Shyamalan,Realisateur,Declin,The Sixth Sense,Trap,2024,6.24,2783,2.632,1032823,2020s,2017,7,Déclin
M. Night Shyamalan,Realisateur,Declin,The Sixth Sense,Caddo Lake,2024,7.212,457,2.632,863873,2020s,2017,7,Déclin
Michael Cimino,Realisateur,Flop,Heaven's Gate,La Porte du paradis,1980,6.759,405,0.7943,10935,1980s,1986,-6,Avant pic
Michael Cimino,Realisateur,Flop,Heaven's Gate,L'Année du dragon,1985,6.804,481,0.7943,11018,1980s,1986,-1,Avant pic
Michael Cimino,Realisateur,Flop,Heaven's Gate,Platoon,1986,7.744,5067,0.7943,792,1980s,1986,0,Pic
Michael Cimino,Realisateur,Flop,Heaven's Gate,Le Sicilien,1987,5.19,145,0.7943,31945,1980s,1986,1,Post-pic récent
Michael Cimino,Realisateur,Flop,Heaven's Gate,La Maison des otages,1990,5.42,218,0.7943,31676,1990s,1986,4,Post-pic récent
Michael Cimino,Realisateur,Flop,Heaven's Gate,Sunchaser,1996,6.311,111,0.7943,38191,1990s,1986,10,Déclin
Michael Cimino,Realisateur,Flop,Heaven's Gate,Chacun son cinéma,2007,6.5,153,0.7943,36108,2000s,1986,21,Déclin
Kevin Smith,Realisateur,Declin,Clerks,Mae Day: The Crumbling of a Documentary,1992,4.875,16,2.6479,160020,1990s,2015,-23,Avant pic
Kevin Smith,Realisateur,Declin,Clerks,"Clerks, les employés modèles",1994,7.38,2741,2.6479,2292,1990s,2015,-21,Avant pic
Kevin Smith,Realisateur,Declin,Clerks,Les Glandeurs,1995,6.76,1369,2.6479,2293,1990s,2015,-20,Avant pic
Kevin Smith,Realisateur,Declin,Clerks,Drawing Flies,1996,4.591,22,2.6479,24063,1990s,2015,-19,Avant pic
Kevin Smith,Realisateur,Declin,Clerks,Méprise multiple,1997,6.761,1529,2.6479,2255,1990s,2015,-18,Avant pic
Kevin Smith,Realisateur,Declin,Clerks,A Better Place,1997,7.036,14,2.6479,107499,1990s,2015,-18,Avant pic
Kevin Smith,Realisateur,Declin,Clerks,Will Hunting,1997,8.16,13742,2.6479,489,1990s,2015,-18,Avant pic
Kevin Smith,Realisateur,Declin,Clerks,Dogma,1999,6.929,2822,2.6479,1832,1990s,2015,-16,Avant pic
Kevin Smith,Realisateur,Declin,Clerks,Jay & Bob contre-attaquent,2001,6.435,1726,2.6479,2294,2000s,2015,-14,Avant pic
Kevin Smith,Realisateur,Declin,Clerks,The Concert for New York City,2001,5.125,16,2.6479,75009,2000s,2015,-14,Avant pic
Kevin Smith,Realisateur,Declin,Clerks,The Flying Car,2002,6.747,75,2.6479,87233,2000s,2015,-13,Avant pic
Kevin Smith,Realisateur,Declin,Clerks,Vulgar,2002,5.36,50,2.6479,19085,2000s,2015,-13,Avant pic
Kevin Smith,Realisateur,Declin,Clerks,"Stan Lee's Mutants, Monsters & Marvels",2002,6.885,26,2.6479,68919,2000s,2015,-13,Avant pic
Kevin Smith,Realisateur,Declin,Clerks,Judge Not: In Defense of Dogma,2002,6.067,15,2.6479,41369,2000s,2015,-13,Avant pic
Kevin Smith,Realisateur,Declin,Clerks,Now You Know,2002,5.071,21,2.6479,31821,2000s,2015,-13,Avant pic
Kevin Smith,Realisateur,Declin,Clerks,An Evening with Kevin Smith,2002,7.387,93,2.6479,14348,2000s,2015,-13,Avant pic
Kevin Smith,Realisateur,Declin,Clerks,Père et fille,2004,6.191,1141,2.6479,9541,2000s,2015,-11,Avant pic
Kevin Smith,Realisateur,Declin,Clerks,Snowball Effect: The Story of Clerks,2004,8.05,20,2.6479,43208,2000s,2015,-11,Avant pic
Kevin Smith,Realisateur,Declin,Clerks,Jay and Silent Bob Do Degrassi,2005,5.031,16,2.6479,72115,2000s,2015,-10,Avant pic
Kevin Smith,Realisateur,Declin,Clerks,Clerks II,2006,6.896,1483,2.6479,2295,2000s,2015,-9,Avant pic
Kevin Smith,Realisateur,Declin,Clerks,An Evening with Kevin Smith 2: Evening Harder,2006,7.1,54,2.6479,16768,2000s,2015,-9,Avant pic
Kevin Smith,Realisateur,Declin,Clerks,Back to the Well: 'Clerks II',2006,6.9,24,2.6479,333106,2000s,2015,-9,Avant pic
Kevin Smith,Realisateur,Declin,Clerks,Small Town Gay Bar,2007,6.115,26,2.6479,48288,2000s,2015,-8,Avant pic
Kevin Smith,Realisateur,Declin,Clerks,Die Hard 4 : Retour en enfer,2007,6.642,6306,2.6479,1571,2000s,2015,-8,Avant pic
Kevin Smith,Realisateur,Declin,Clerks,Zack et Miri font un Porno,2008,6.344,2646,2.6479,10358,2000s,2015,-7,Avant pic
Kevin Smith,Realisateur,Declin,Clerks,Sold Out: A Threevening with Kevin Smith,2008,7.0,50,2.6479,17041,2000s,2015,-7,Avant pic
Kevin Smith,Realisateur,Declin,Clerks,Popcorn Porn: Watching 'Zack and Miri Make a Porno',2009,7.2,20,2.6479,66830,2000s,2015,-6,Avant pic
Kevin Smith,Realisateur,Declin,Clerks,Top Cops,2010,5.544,1623,2.6479,23742,2010s,2015,-5,Avant pic
Kevin Smith,Realisateur,Declin,Clerks,Bear Nation,2010,5.2,13,2.6479,110561,2010s,2015,-5,Avant pic
Kevin Smith,Realisateur,Declin,Clerks,Kevin Smith: Too Fat For 40,2010,6.4,35,2.6479,48132,2010s,2015,-5,Avant pic
Kevin Smith,Realisateur,Declin,Clerks,Red State,2011,6.052,1033,2.6479,48572,2010s,2015,-4,Avant pic
Kevin Smith,Realisateur,Declin,Clerks,Kevin Smith: Burn in Hell,2012,7.1,34,2.6479,95511,2010s,2015,-3,Avant pic
Kevin Smith,Realisateur,Declin,Clerks,Jay and Silent Bob Get Old: Teabagging in the UK,2012,5.5,26,2.6479,128951,2010s,2015,-3,Avant pic
Kevin Smith,Realisateur,Declin,Clerks,Jay and Silent Bob Go Down Under,2012,5.2,15,2.6479,147276,2010s,2015,-3,Avant pic
Kevin Smith,Realisateur,Declin,Clerks,Jay and Silent Bob's Super Groovy Cartoon Movie,2013,5.006,85,2.6479,179267,2010s,2015,-2,Avant pic
Kevin Smith,Realisateur,Declin,Clerks,The Dirties,2013,6.3,145,2.6479,159770,2010s,2015,-2,Avant pic
Kevin Smith,Realisateur,Declin,Clerks,Tusk,2014,5.516,1593,2.6479,246403,2010s,2015,-1,Avant pic
Kevin Smith,Realisateur,Declin,Clerks,Star Wars : Le Réveil de la Force,2015,7.25,20456,2.6479,140607,2010s,2015,0,Pic
Kevin Smith,Realisateur,Declin,Clerks,Holidays,2016,4.948,519,2.6479,323262,2010s,2015,1,Post-pic récent
Kevin Smith,Realisateur,Declin,Clerks,Yoga Hosers,2016,4.646,474,2.6479,290825,2010s,2015,1,Post-pic récent
Kevin Smith,Realisateur,Declin,Clerks,Kevin Smith: Silent but Deadly,2018,6.9,33,2.6479,517792,2010s,2015,3,Post-pic récent
Kevin Smith,Realisateur,Declin,Clerks,Madness in the Method,2019,5.2,46,2.6479,432152,2010s,2015,4,Post-pic récent
Kevin Smith,Realisateur,Declin,Clerks,Jay et Bob contre-attaquent… encore,2019,5.675,598,2.6479,440762,2010s,2015,4,Post-pic récent
Kevin Smith,Realisateur,Declin,Clerks,Clerk,2021,6.2,24,2.6479,681947,2020s,2015,6,Déclin
Kevin Smith,Realisateur,Declin,Clerks,Clerks III,2022,6.042,310,2.6479,635891,2020s,2015,7,Déclin
Kevin Smith,Realisateur,Declin,Clerks,The 4:30 Movie,2024,5.7,71,2.6479,1146556,2020s,2015,9,Déclin
Kevin Smith,Realisateur,Declin,Clerks,Paradise Records,2025,4.1,10,2.6479,1323010,2020s,2015,10,Déclin
